<?xml version="1.0" encoding="UTF-8"?>
<!DOCTYPE mapper PUBLIC "-//mybatis.org//DTD Mapper 3.0//EN" "http://mybatis.org/dtd/mybatis-3-mapper.dtd">
<mapper namespace="com.qizegao.dao.StudentMapper">
  <resultMap id="BaseResultMap" type="com.qizegao.bean.Student">
    <id column="stu_id" jdbcType="INTEGER" property="stuId" />
    <result column="stu_name" jdbcType="VARCHAR" property="stuName" />
    <result column="gender" jdbcType="CHAR" property="gender" />
    <result column="email" jdbcType="VARCHAR" property="email" />
    <result column="d_id" jdbcType="INTEGER" property="dId" />
  </resultMap>
  <sql id="Example_Where_Clause">
    <where>
      <foreach collection="oredCriteria" item="criteria" separator="or">
        <if test="criteria.valid">
          <trim prefix="(" prefixOverrides="and" suffix=")">
            <foreach collection="criteria.criteria" item="criterion">
              <choose>
                <when test="criterion.noValue">
                  and ${criterion.condition}
                </when>
                <when test="criterion.singleValue">
                  and ${criterion.condition} #{criterion.value}
                </when>
                <when test="criterion.betweenValue">
                  and ${criterion.condition} #{criterion.value} and #{criterion.secondValue}
                </when>
                <when test="criterion.listValue">
                  and ${criterion.condition}
                  <foreach close=")" collection="criterion.value" item="listItem" open="(" separator=",">
                    #{listItem}
                  </foreach>
                </when>
              </choose>
            </foreach>
          </trim>
        </if>
      </foreach>
    </where>
  </sql>
  <sql id="Update_By_Example_Where_Clause">
    <where>
      <foreach collection="example.oredCriteria" item="criteria" separator="or">
        <if test="criteria.valid">
          <trim prefix="(" prefixOverrides="and" suffix=")">
            <foreach collection="criteria.criteria" item="criterion">
              <choose>
                <when test="criterion.noValue">
                  and ${criterion.condition}
                </when>
                <when test="criterion.singleValue">
                  and ${criterion.condition} #{criterion.value}
                </when>
                <when test="criterion.betweenValue">
                  and ${criterion.condition} #{criterion.value} and #{criterion.secondValue}
                </when>
                <when test="criterion.listValue">
                  and ${criterion.condition}
                  <foreach close=")" collection="criterion.value" item="listItem" open="(" separator=",">
                    #{listItem}
                  </foreach>
                </when>
              </choose>
            </foreach>
          </trim>
        </if>
      </foreach>
    </where>
  </sql>
  <sql id="Base_Column_List">
    stu_id, stu_name, gender, email, d_id
  </sql>
  <select id="selectByExample" parameterType="com.qizegao.bean.StudentExample" resultMap="BaseResultMap">
    select
    <if test="distinct">
      distinct
    </if>
    <include refid="Base_Column_List" />
    from tbl_stu
    <if test="_parameter != null">
      <include refid="Example_Where_Clause" />
    </if>
    <if test="orderByClause != null">
      order by ${orderByClause}
    </if>
  </select>
  <select id="selectByPrimaryKey" parameterType="java.lang.Integer" resultMap="BaseResultMap">
    select 
    <include refid="Base_Column_List" />
    from tbl_stu
    where stu_id = #{stuId,jdbcType=INTEGER}
  </select>
  
  <!-- 自己增加的内容 -->
  
    <resultMap type="com.qizegao.bean.Student" id="WithDeptResultMap">
  	<id column="stu_id" jdbcType="INTEGER" property="stuId" />
    <result column="stu_name" jdbcType="VARCHAR" property="stuName" />
    <result column="gender" jdbcType="CHAR" property="gender" />
    <result column="email" jdbcType="VARCHAR" property="email" />
    <result column="d_id" jdbcType="INTEGER" property="dId" />
    <!-- 指定联合查询出的部门字段 -->
    <association property="department" javaType="com.qizegao.bean.Department">
    	<id column="dept_id" property="deptId"/>
    	<result column="dept_name" property="deptName"/>
    </association>
  </resultMap>
  
  <sql id="WithDept_Column_List">
  	s.stu_id, s.stu_name, s.gender, s.email, s.d_id, d.dept_id, d.dept_name
  </sql>
	
  <!-- 通过部门信息联表查询 -->
  <select id="selectByExampleWithDept" resultMap="WithDeptResultMap">
	   select
	    <if test="distinct">
	      distinct
	    </if>
	    <include refid="WithDept_Column_List" />
		FROM tbl_stu s
		left join tbl_dept d on s.`d_id`=d.`dept_id`
	    <if test="_parameter != null">
	      <include refid="Example_Where_Clause" />
	    </if>
	    <if test="orderByClause != null">
	      order by ${orderByClause}
	    </if>
  </select>
  
  <!-- 通过学生表的主键联表查询 -->
  <select id="selectByPrimaryKeyWithDept" resultMap="WithDeptResultMap">
   	select 
    <include refid="WithDept_Column_List" />
    FROM tbl_stu s
	left join tbl_dept d on s.`d_id`=d.`dept_id`
    where stu_id = #{stuId,jdbcType=INTEGER}
  </select>
  
  
  
  
  
  <delete id="deleteByPrimaryKey" parameterType="java.lang.Integer">
    delete from tbl_stu
    where stu_id = #{stuId,jdbcType=INTEGER}
  </delete>
  <delete id="deleteByExample" parameterType="com.qizegao.bean.StudentExample">
    delete from tbl_stu
    <if test="_parameter != null">
      <include refid="Example_Where_Clause" />
    </if>
  </delete>
  <insert id="insert" parameterType="com.qizegao.bean.Student">
    insert into tbl_stu (stu_id, stu_name, gender, 
      email, d_id)
    values (#{stuId,jdbcType=INTEGER}, #{stuName,jdbcType=VARCHAR}, #{gender,jdbcType=CHAR}, 
      #{email,jdbcType=VARCHAR}, #{dId,jdbcType=INTEGER})
  </insert>
  <insert id="insertSelective" parameterType="com.qizegao.bean.Student">
    insert into tbl_stu
    <trim prefix="(" suffix=")" suffixOverrides=",">
      <if test="stuId != null">
        stu_id,
      </if>
      <if test="stuName != null">
        stu_name,
      </if>
      <if test="gender != null">
        gender,
      </if>
      <if test="email != null">
        email,
      </if>
      <if test="dId != null">
        d_id,
      </if>
    </trim>
    <trim prefix="values (" suffix=")" suffixOverrides=",">
      <if test="stuId != null">
        #{stuId,jdbcType=INTEGER},
      </if>
      <if test="stuName != null">
        #{stuName,jdbcType=VARCHAR},
      </if>
      <if test="gender != null">
        #{gender,jdbcType=CHAR},
      </if>
      <if test="email != null">
        #{email,jdbcType=VARCHAR},
      </if>
      <if test="dId != null">
        #{dId,jdbcType=INTEGER},
      </if>
    </trim>
  </insert>
  <select id="countByExample" parameterType="com.qizegao.bean.StudentExample" resultType="java.lang.Long">
    select count(*) from tbl_stu
    <if test="_parameter != null">
      <include refid="Example_Where_Clause" />
    </if>
  </select>
  <update id="updateByExampleSelective" parameterType="map">
    update tbl_stu
    <set>
      <if test="record.stuId != null">
        stu_id = #{record.stuId,jdbcType=INTEGER},
      </if>
      <if test="record.stuName != null">
        stu_name = #{record.stuName,jdbcType=VARCHAR},
      </if>
      <if test="record.gender != null">
        gender = #{record.gender,jdbcType=CHAR},
      </if>
      <if test="record.email != null">
        email = #{record.email,jdbcType=VARCHAR},
      </if>
      <if test="record.dId != null">
        d_id = #{record.dId,jdbcType=INTEGER},
      </if>
    </set>
    <if test="_parameter != null">
      <include refid="Update_By_Example_Where_Clause" />
    </if>
  </update>
  <update id="updateByExample" parameterType="map">
    update tbl_stu
    set stu_id = #{record.stuId,jdbcType=INTEGER},
      stu_name = #{record.stuName,jdbcType=VARCHAR},
      gender = #{record.gender,jdbcType=CHAR},
      email = #{record.email,jdbcType=VARCHAR},
      d_id = #{record.dId,jdbcType=INTEGER}
    <if test="_parameter != null">
      <include refid="Update_By_Example_Where_Clause" />
    </if>
  </update>
  <update id="updateByPrimaryKeySelective" parameterType="com.qizegao.bean.Student">
    update tbl_stu
    <set>
      <if test="stuName != null">
        stu_name = #{stuName,jdbcType=VARCHAR},
      </if>
      <if test="gender != null">
        gender = #{gender,jdbcType=CHAR},
      </if>
      <if test="email != null">
        email = #{email,jdbcType=VARCHAR},
      </if>
      <if test="dId != null">
        d_id = #{dId,jdbcType=INTEGER},
      </if>
    </set>
    where stu_id = #{stuId,jdbcType=INTEGER}
  </update>
  <update id="updateByPrimaryKey" parameterType="com.qizegao.bean.Student">
    update tbl_stu
    set stu_name = #{stuName,jdbcType=VARCHAR},
      gender = #{gender,jdbcType=CHAR},
      email = #{email,jdbcType=VARCHAR},
      d_id = #{dId,jdbcType=INTEGER}
    where stu_id = #{stuId,jdbcType=INTEGER}
  </update>
</mapper>