<?xml version="1.0" encoding="UTF-8"?>
<!DOCTYPE configuration
  PUBLIC "-//mybatis.org//DTD Config 3.0//EN"
  "http://mybatis.org/dtd/mybatis-3-config.dtd">
<configuration>

	<!-- 启用驼峰命名 -->
	<settings>
		<setting name="mapUnderscoreToCamelCase" value="true"/>
	</settings>
	
	<typeAliases>
		<package name="com.qizegao.bean"/>
	</typeAliases>
	
	<plugins>
		<plugin interceptor="com.github.pagehelper.PageInterceptor">
			<!--分页参数合理化，页数小于1到第一页，大于最后一页到最后一页  -->
			<property name="reasonable" value="true"/>
			<!-- 还可以设置其他属性 -->
		</plugin>
	</plugins>

</configuration>

